event_id,event_type,zone_id,zone_name,track_id,frame,timestamp_sec,timecode,x1,y1,x2,y2,confidence,details
1,zone_intrusion,registration_desk,Registration Desk,4,44,1.467,00:00:01.467,96.5,191.2,114.4,251.8,0.387,"{""entered_at_sec"": 0.4}"
2,zone_intrusion,registration_desk,Registration Desk,8,81,2.7,00:00:02.700,118.9,161.2,145.2,250.7,0.533,"{""entered_at_sec"": 2.0}"
3,loitering,seating_area,Seating Area,7,341,11.367,00:00:11.367,179.8,142.9,191.9,172.7,0.424,"{""stationary_seconds"": 4.0, ""radius_px"": 17.9, ""threshold_seconds"": 4}"
4,zone_intrusion,registration_desk,Registration Desk,4,346,11.533,00:00:11.533,109.8,155.1,123.3,186.7,0.418,"{""entered_at_sec"": 11.233}"
5,loitering,seating_area,Seating Area,8,396,13.2,00:00:13.200,248.5,157.1,265.9,204.9,0.49,"{""stationary_seconds"": 4.7, ""radius_px"": 28.7, ""threshold_seconds"": 4}"
6,loitering,seating_area,Seating Area,31,674,22.467,00:00:22.467,241.8,161.5,263.5,204.2,0.471,"{""stationary_seconds"": 4.0, ""radius_px"": 25.6, ""threshold_seconds"": 4}"
7,loitering,seating_area,Seating Area,16,744,24.8,00:00:24.800,180.2,144.1,191.4,171.3,0.471,"{""stationary_seconds"": 4.0, ""radius_px"": 16.3, ""threshold_seconds"": 4}"
8,zone_intrusion,registration_desk,Registration Desk,36,750,25.0,00:00:25.000,108.0,150.3,122.3,187.3,0.564,"{""entered_at_sec"": 24.133}"
9,loitering,seating_area,Seating Area,30,775,25.833,00:00:25.833,203.7,149.8,217.9,181.0,0.436,"{""stationary_seconds"": 4.0, ""radius_px"": 18.7, ""threshold_seconds"": 4}"
10,zone_intrusion,registration_desk,Registration Desk,43,907,30.233,00:00:30.233,101.8,151.6,113.3,179.9,0.435,"{""entered_at_sec"": 29.533}"
11,loitering,seating_area,Seating Area,46,1239,41.3,00:00:41.300,249.3,155.4,267.8,204.1,0.372,"{""stationary_seconds"": 4.13, ""radius_px"": 29.2, ""threshold_seconds"": 4}"
12,loitering,seating_area,Seating Area,16,1245,41.5,00:00:41.500,204.6,149.7,217.9,181.0,0.521,"{""stationary_seconds"": 4.0, ""radius_px"": 18.8, ""threshold_seconds"": 4}"
13,loitering,seating_area,Seating Area,60,1285,42.833,00:00:42.833,179.8,143.4,193.0,174.3,0.405,"{""stationary_seconds"": 4.0, ""radius_px"": 18.5, ""threshold_seconds"": 4}"
14,zone_intrusion,registration_desk,Registration Desk,59,1458,48.6,00:00:48.600,106.8,153.2,122.2,182.6,0.421,"{""entered_at_sec"": 46.567}"
15,zone_intrusion,registration_desk,Registration Desk,65,1498,49.933,00:00:49.933,77.7,142.6,91.4,182.5,0.498,"{""entered_at_sec"": 49.433}"
16,loitering,seating_area,Seating Area,65,1669,55.633,00:00:55.633,179.6,143.1,192.3,173.4,0.426,"{""stationary_seconds"": 4.1, ""radius_px"": 18.2, ""threshold_seconds"": 4}"
17,loitering,seating_area,Seating Area,80,1768,58.933,00:00:58.933,249.2,158.4,270.8,202.8,0.372,"{""stationary_seconds"": 4.0, ""radius_px"": 26.6, ""threshold_seconds"": 4}"
18,zone_intrusion,registration_desk,Registration Desk,65,1858,61.933,00:01:01.933,102.9,152.2,116.9,180.3,0.366,"{""entered_at_sec"": 61.367}"
19,zone_intrusion,registration_desk,Registration Desk,87,2058,68.6,00:01:08.600,102.4,150.9,113.1,179.9,0.437,"{""entered_at_sec"": 68.267}"
20,zone_intrusion,registration_desk,Registration Desk,88,2224,74.133,00:01:14.133,105.4,144.7,123.0,186.0,0.451,"{""entered_at_sec"": 73.767}"
